{
  "go_to": {
    "grounding": [
      0.96875,
      0.06505206248331664
    ],
    "collision": [
      0.12431129476584024,
      0.1481368777998084
    ],
    "formation_error": [
      0.14657577734050084,
      0.17114345282047833
    ],
    "completion_steps": [
      64.25,
      30.23139923986318
    ],
    "completion_sec": [
      2.1416666666666666,
      1.0077133079954392
    ]
  },
  "form_line": {
    "grounding": [
      1.0,
      0.0
    ],
    "collision": [
      0.023071625344352618,
      0.025358478366755734
    ],
    "formation_error": [
      0.0672174116929213,
      0.007867348588276049
    ],
    "completion_steps": [
      29.083333333333332,
      4.300355282480222
    ],
    "completion_sec": [
      0.9694444444444444,
      0.14334517608267408
    ]
  },
  "regroup": {
    "grounding": [
      1.0,
      0.0
    ],
    "collision": [
      0.6194903581267218,
      0.24560985113996878
    ],
    "formation_error": [
      0.1507314826840822,
      0.04732593888425891
    ],
    "completion_steps": [
      28.916666666666668,
      7.466127212655539
    ],
    "completion_sec": [
      0.9638888888888889,
      0.24887090708851795
    ]
  },
  "disperse": {
    "grounding": [
      1.0,
      0.0
    ],
    "collision": [
      0.06714876033057851,
      0.21899933060420695
    ],
    "formation_error": [
      0.009505123905529525,
      0.01660638453206527
    ],
    "completion_steps": [
      18.833333333333332,
      0.4714045207910316
    ],
    "completion_sec": [
      0.6277777777777778,
      0.01571348402636772
    ]
  },
  "flank": {
    "grounding": [
      1.0,
      0.0
    ],
    "collision": [
      0.01549586776859504,
      0.01957365219162853
    ],
    "formation_error": [
      0.06158096180917485,
      0.007377669908748656
    ],
    "completion_steps": [
      44.958333333333336,
      5.86287164185682
    ],
    "completion_sec": [
      1.4986111111111111,
      0.19542905472856067
    ]
  }
}