{
  "go_to": {
    "grounding": [
      0.078125,
      0.140625,
      0.25,
      0.34375,
      0.4375,
      0.5234375,
      0.671875,
      0.78125,
      0.8828125,
      0.9140625,
      0.953125,
      0.9921875,
      0.9921875,
      0.9921875,
      0.9921875,
      0.9921875,
      0.9921875,
      0.9921875,
      0.9921875,
      0.9921875,
      0.9921875,
      0.9921875,
      0.9921875,
      0.9921875,
      0.9921875,
      0.9921875,
      0.9921875,
      0.9921875,
      0.9921875,
      0.9921875,
      0.9921875,
      0.9921875,
      0.9921875,
      0.9921875,
      0.9921875,
      0.9921875,
      0.9921875,
      0.9921875,
      0.9921875,
      0.9921875
    ],
    "formation_error": [
      4.3199596505207705,
      3.6641676091923694,
      3.0332548437099156,
      2.4383349840293196,
      1.8908051344825494,
      1.3932792065246096,
      0.9660505386014748,
      0.646783207268703,
      0.44015036513089695,
      0.30553639863437676,
      0.21058535979700146,
      0.14909236652355543,
      0.10702162237830168,
      0.0877407530453285,
      0.08522813324960812,
      0.08466084603877838,
      0.08386374519179504,
      0.08445451495731995,
      0.08439832832000732,
      0.08420882164285885,
      0.08420761665230848,
      0.08421886615929564,
      0.08423496965467996,
      0.08433249995098568,
      0.08436551092417656,
      0.0841546442138142,
      0.08363852890104077,
      0.08548098234258546,
      0.08448838104033582,
      0.0835737925598023,
      0.08552836852058031,
      0.08458870003753646,
      0.08377426560340097,
      0.08375443903668885,
      0.08370450839276644,
      0.0843900056886021,
      0.08418586616203737,
      0.0843405826677831,
      0.08443010014972166,
      0.08434950784839637
    ]
  },
  "form_line": {
    "grounding": [
      0.0703125,
      0.2578125,
      0.453125,
      0.6875,
      0.8515625,
      0.9296875,
      0.984375,
      1.0,
      1.0,
      1.0,
      1.0,
      1.0,
      1.0,
      1.0,
      1.0,
      1.0,
      1.0,
      1.0,
      1.0,
      1.0,
      1.0,
      1.0,
      1.0,
      1.0,
      1.0,
      1.0,
      1.0,
      1.0,
      1.0,
      1.0,
      1.0,
      1.0,
      1.0,
      1.0,
      1.0,
      1.0,
      1.0,
      1.0,
      1.0,
      1.0
    ],
    "formation_error": [
      2.5748534627210216,
      1.9403559847370997,
      1.3766202561540695,
      0.9091854642218669,
      0.563854450767984,
      0.2967610678079022,
      0.1407091947365416,
      0.07585825236685038,
      0.06718121564874936,
      0.06750474496140103,
      0.06718110109337583,
      0.06750474495755117,
      0.06718110109337583,
      0.06750474495755117,
      0.06718110109337583,
      0.06750474495755117,
      0.06718110109337583,
      0.06750474495755117,
      0.06718110109337583,
      0.06750474495755117,
      0.06718110527545579,
      0.06750474495755117,
      0.06718110527545579,
      0.06750474495755117,
      0.06718110527545579,
      0.06750474495755117,
      0.06718110527545579,
      0.06750474495755117,
      0.06718110527545579,
      0.06750474495755117,
      0.06718110527545579,
      0.06750474495755117,
      0.06718110527545579,
      0.06750474495755117,
      0.06718110527545579,
      0.06750474495755117,
      0.06718110527545579,
      0.06750474495755117,
      0.06718110527545579,
      0.06750474495755117
    ]
  },
  "regroup": {
    "grounding": [
      0.1171875,
      0.296875,
      0.5078125,
      0.7578125,
      0.8671875,
      0.9609375,
      0.984375,
      0.984375,
      0.9921875,
      1.0,
      1.0,
      1.0,
      1.0,
      1.0,
      1.0,
      1.0,
      1.0,
      1.0,
      1.0,
      1.0,
      1.0,
      1.0,
      1.0,
      1.0,
      1.0,
      1.0,
      1.0,
      1.0,
      1.0,
      1.0,
      1.0,
      1.0,
      1.0,
      1.0,
      1.0,
      1.0,
      1.0,
      1.0,
      1.0,
      1.0
    ],
    "formation_error": [
      2.304625834854651,
      1.6642517536248802,
      1.1024814177277706,
      0.6702404832261799,
      0.4258619424030014,
      0.31539068146402977,
      0.22380831604647883,
      0.19470705870864355,
      0.1651952323508905,
      0.1457073844130914,
      0.14847893204166873,
      0.14131170430563747,
      0.15075049863859935,
      0.1455391966175805,
      0.151500720831364,
      0.13888321949554877,
      0.14684821117939148,
      0.14754565959380592,
      0.14208212715030338,
      0.14685707830808348,
      0.1474480135049764,
      0.15173304900292542,
      0.1406147753789287,
      0.14885346226813884,
      0.14229752620990177,
      0.14596678247609723,
      0.14426647689008065,
      0.143854846466604,
      0.15137253283944987,
      0.1439855960857906,
      0.1518272666869551,
      0.14995377241917218,
      0.15065597918232201,
      0.14664226287838805,
      0.14630305133011795,
      0.14346860034240516,
      0.1405179886438171,
      0.14937074561121993,
      0.14512323046094752,
      0.14694399238790007
    ]
  },
  "disperse": {
    "grounding": [
      0.0,
      0.203125,
      0.484375,
      1.0,
      1.0,
      1.0,
      1.0,
      1.0,
      1.0,
      1.0,
      1.0,
      1.0,
      1.0,
      1.0,
      1.0,
      1.0,
      1.0,
      1.0,
      1.0,
      1.0,
      1.0,
      1.0,
      1.0,
      1.0,
      1.0,
      1.0,
      1.0,
      1.0,
      1.0,
      1.0,
      1.0,
      1.0,
      1.0,
      1.0,
      1.0,
      1.0,
      1.0,
      1.0,
      1.0,
      1.0
    ],
    "formation_error": [
      2.2330026674612347,
      1.5226657082760204,
      0.8701226923538544,
      0.31376695948159217,
      0.015862859342653204,
      0.011757362749125316,
      0.012793138867723583,
      0.011757610395874571,
      0.012793143955947849,
      0.011757610395874571,
      0.012793143955947849,
      0.011757610395874571,
      0.012793143955947849,
      0.011757610395874571,
      0.012793143955947849,
      0.011757610395874571,
      0.012793143955947849,
      0.011757610395874571,
      0.012793143955947849,
      0.011757610395874571,
      0.012793143955947849,
      0.011757610395874571,
      0.012793143955947849,
      0.011757610395874571,
      0.012793143955947849,
      0.011757610395874571,
      0.012793143955947849,
      0.011757610395874571,
      0.012793143955947849,
      0.011757610395874571,
      0.012793143955947849,
      0.011757610395874571,
      0.012793143955947849,
      0.011757610395874571,
      0.012793143955947849,
      0.011757610395874571,
      0.012793143955947849,
      0.011757610395874571,
      0.012793143955947849,
      0.011757610395874571
    ]
  },
  "flank": {
    "grounding": [
      0.0703125,
      0.15625,
      0.2578125,
      0.3359375,
      0.40625,
      0.5625,
      0.75,
      0.859375,
      0.921875,
      0.96875,
      1.0,
      1.0,
      1.0,
      1.0,
      1.0,
      1.0,
      1.0,
      1.0,
      1.0,
      1.0,
      1.0,
      1.0,
      1.0,
      1.0,
      1.0,
      1.0,
      1.0,
      1.0,
      1.0,
      1.0,
      1.0,
      1.0,
      1.0,
      1.0,
      1.0,
      1.0,
      1.0,
      1.0,
      1.0,
      1.0
    ],