{
  "N": [
    3,
    5,
    8,
    12,
    20,
    30,
    50,
    75,
    100,
    150,
    200
  ],
  "grounding": [
    1.0,
    1.0,
    0.99375,
    0.9958333333333332,
    0.975,
    0.9650000000000001,
    0.901,
    0.7899999999999999,
    0.7100000000000001,
    0.6143333333333334,
    0.5599999999999999
  ],
  "collision": [
    0.01900826446280992,
    0.09958677685950414,
    0.18553719008264463,
    0.3417355371900826,
    0.7508264462809916,
    0.8727272727272727,
    0.9499999999999998,
    0.9739669421487603,
    0.9842975206611569,
    0.9950413223140495,
    1.0
  ],
  "formation_error": [
    0.014771125003746327,
    0.047048451569590144,
    0.09292755605008227,
    0.1077491860111975,
    0.26824780758249134,
    0.3417846638982947,
    0.4493889332071192,
    0.5881363703336056,
    0.7158030258102295,
    0.8792393314387802,
    1.013109199039141
  ],
  "steps_per_s": [
    32662.162949767873,
    31440.454444301293,
    27165.97860000344,
    23563.16433267952,
    18554.108148421554,
    11782.69401786835,
    6097.710537162557,
    3029.6308305706934,
    1760.5395249092785,
    567.6623602842108,
    322.3898915967257
  ]
}