{
  "sep_strength": [
    0.0,
    0.02,
    0.04,
    0.08,
    0.12,
    0.16,
    0.24
  ],
  "sep_radius": [
    0.2,
    0.4,
    0.6,
    0.8,
    1.0,
    1.4
  ],
  "collision": [
    [
      0.9703856749311295,
      0.9703856749311295,
      0.9703856749311295,
      0.9703856749311295,
      0.9703856749311295,
      0.9703856749311295
    ],
    [
      0.9731404958677686,
      0.9352617079889806,
      0.9242424242424242,
      0.9173553719008264,
      0.9221763085399447,
      0.931818181818182
    ],
    [
      0.9745179063360881,
      0.912534435261708,
      0.8856749311294768,
      0.8677685950413224,
      0.8691460055096418,
      0.8250688705234159
    ],
    [
      0.9745179063360881,
      0.8829201101928374,
      0.8264462809917356,
      0.7465564738292012,
      0.6990358126721764,
      0.5254820936639119
    ],
    [
      0.9696969696969698,
      0.8636363636363638,
      0.6081267217630854,
      0.5964187327823692,
      0.42699724517906334,
      0.4538567493112948
    ],
    [
      0.9703856749311295,
      0.8643250688705234,
      0.4063360881542699,
      0.3650137741046832,
      0.2548209366391185,
      0.19834710743801653
    ],
    [
      0.9531680440771351,
      0.8319559228650139,
      0.1177685950413223,
      0.08746556473829199,
      0.01790633608815427,
      0.02066115702479339
    ]
  ],
  "grounding": [
    [
      1.0,
      1.0,
      1.0,
      1.0,
      1.0,
      1.0
    ],
    [
      1.0,
      1.0,
      1.0,
      1.0,
      1.0,
      0.9722222222222223
    ],
    [
      1.0,
      1.0,
      0.9944444444444445,
      0.9777777777777779,
      0.9555555555555556,
      0.75
    ],
    [
      1.0,
      1.0,
      0.9833333333333334,
      0.8944444444444445,
      0.7222222222222223,
      0.47222222222222215
    ],
    [
      1.0,
      0.9888888888888889,
      0.9555555555555556,
      0.8277777777777778,
      0.6,
      0.3611111111111111
    ],
    [
      1.0,
      1.0,
      0.8722222222222222,
      0.7111111111111111,
      0.48333333333333334,
      0.2888888888888889
    ],
    [
      1.0,
      0.9666666666666667,
      0.8222222222222223,
      0.5388888888888889,
      0.3833333333333333,
      0.17222222222222225
    ]
  ],
  "pareto_front": [
    [
      0.24,
      1.0,
      0.01790633608815427,
      0.3833333333333333
    ],
    [
      0.24,
      0.8,
      0.08746556473829199,
      0.5388888888888889
    ],
    [
      0.24,
      0.6,
      0.1177685950413223,
      0.8222222222222223
    ],
    [
      0.16,
      0.6,
      0.4063360881542699,
      0.8722222222222222
    ],
    [
      0.12,
      0.6,
      0.6081267217630854,
      0.9555555555555556
    ],
    [
      0.08,
      0.6,
      0.8264462809917356,
      0.9833333333333334
    ],
    [
      0.12,
      0.4,
      0.8636363636363638,
      0.9888888888888889
    ],
    [
      0.16,
      0.4,
      0.8643250688705234,
      1.0
    ]
  ],
  "closest_to_ideal": [
    0.24,
    0.6,
    0.1177685950413223,
    0.8222222222222223
  ],
  "gap_to_ideal": 0.21324722799983092,
  "default": {
    "params": [
      0.08,
      0.6
    ],
    "collision": 0.8264462809917356,
    "grounding": 0.9833333333333334
  }
}